id;order_cancel_reason_id;cancel_reason_detail;order_date;is_transferred
1;76739;Gloves Forward Tennessee;2022-10-05T02:00:52;false
2;50659;Burundi;2022-10-05T00:04:27;true
3;25984;sexy;2022-10-05T04:09:00;true
4;29970;lime;2022-10-05T03:44:42;false
5;87089;emulation synthesizing Granite;2022-10-04T23:45:56;false
6;2134;Account relationships drive;2022-10-04T17:29:43;true
7;1444;back-end mobile;2022-10-04T23:14:48;true
8;32265;up;2022-10-04T14:29:46;false
9;73102;function invoice;2022-10-04T06:44:44;true
10;11923;Cambridgeshire portals Distributed;2022-10-04T06:38:54;false
