id;user_id;user_name;password;first_nmae;last_name;email;company_code
1;93080;intangible Books Account;Pants optimizing Madagaskar;core Steel Advanced;Sepetçi;test@gmail.com;3315
2;22312;Dynamic Towels;experiences navigate Cloned;incubate Dakota;Koçyiğit;test@gmail.com;41047
3;48286;Upgradable magenta;Assistant communities Table;Sausages Handcrafted;Köybaşı;test@gmail.com;62135
4;83694;Specialist;superstructure;Monitored;Topçuoğlu;test@gmail.com;25567
5;57697;Account;AGP Bypass;Corporate Market;Karaer;test@gmail.com;308
6;62510;Optional Ball maroon;Home e-services calculate;withdrawal transmit;Alnıaçık;test@gmail.com;87972
7;31271;Kip;cross-platform Dakota;Sleek system;Avan;test@gmail.com;11028
8;17901;Güney Underpass;payment hack;Versatile;Nalbantoğlu;test@gmail.com;29959
9;27097;protocol;Fresh;Public-key;Erkekli;test@gmail.com;63434
10;1514;deposit bandwidth Dong;Account Dinar Investment;indexing International;Köybaşı;test@gmail.com;36762
