id;status;sayim_adi;depo_no;sayim_tarihi;sayim_durumu;aciklama;sayimi_bitiren_kullanici;sayimi_onaylayan_kullanici;create_date;create_user;last_update_date;last_update_user
1;false;Self-enabling;lime haptic;2022-09-23T06:46:27;PASIF;program;as Unbranded;parsing;2022-09-23T01:53:12;application;2022-09-23T05:25:00;Beauty Frozen
2;true;monitor interface SMS;card National Steel;2022-09-23T11:41:29;ONAYLANDI;Springs Loan;Frozen;Identity platforms reboot;2022-09-23T02:45:39;XML Overpass;2022-09-23T15:44:09;Paradigm
3;true;Regional;hacking matrix;2022-09-23T00:51:39;AKTIF;İsveç Highway;redundant;Assurance;2022-09-23T01:00:27;reboot Keyboard payment;2022-09-23T13:48:33;Producer Salad bypass
4;false;Berkshire;Moritanya wireless;2022-09-23T16:01:26;ONAYLANDI;solid Borders;Multi-tiered backing;Cotton Usability Springs;2022-09-23T17:45:19;Operative;2022-09-23T18:08:12;grid-enabled
5;false;Chips Shoes Agent;initiatives Liaison architect;2022-09-23T01:33:01;REDDEDILDI;hybrid Books;Personal Sausages Yen;Granite Technician;2022-09-23T15:21:46;solution;2022-09-23T18:23:04;AGP
6;false;overriding;Games;2022-09-23T10:15:10;PASIF;Ergonomic Granite Market;Sleek Electronics Monitored;collaboration AGP Fransa;2022-09-22T23:39:33;drive;2022-09-23T03:48:27;leading Home
7;true;Suriye;Rustic;2022-09-23T02:37:37;PASIF;Specialist hack Accountability;payment;pink feed Tasty;2022-09-23T22:23:53;Hawaii New;2022-09-23T03:50:54;Networked black Berkshire
8;false;web-enabled Soft;Cotton azure;2022-09-23T08:21:19;REDDEDILDI;synergy;Route digital;plum Junction;2022-09-23T02:10:29;program Chair;2022-09-23T00:42:34;Shirt Global Extended
9;false;Auto Stravenue Organic;Utah;2022-09-23T08:57:43;ONAYLANDI;holistic supply-chains;Mill Uruguay;Strategist;2022-09-23T16:44:10;Directives;2022-09-23T22:39:51;engineer
10;true;Licensed Buckinghamshire Metal;Brand Mississippi PNG;2022-09-23T04:53:22;ONAYLANDI;Division;connect Chair TCP;alarm;2022-09-23T14:50:53;payment calculating;2022-09-23T13:26:45;Granite Implementation
