id;sayim_urun_id;stok_kod;status;create_date;create_user;last_update_date;last_update_user
1;4563;Engineer Dalasi SMS;AKTIF;2022-09-23T17:28:21;compressing Investment grow;2022-09-23T14:31:12;online
2;87193;Ruanda;REDDEDILDI;2022-09-23T03:30:30;Frozen California;2022-09-23T05:45:35;Checking
3;26850;Concrete one-to-one;PASIF;2022-09-23T06:49:58;relationships initiatives Borders;2022-09-23T01:37:14;azure Rial
4;75368;Internal Berkshire;AKTIF;2022-09-23T15:23:49;Avon Graphical;2022-09-23T03:57:55;Ports PNG
5;23292;Grocery;AKTIF;2022-09-23T03:37:48;deposit Adaları, world-class;2022-09-23T06:57:48;Bedfordshire Unit Chief
6;78851;Incredible Cambridgeshire;REDDEDILDI;2022-09-23T10:16:56;Creative programming;2022-09-23T21:25:51;granular
7;23890;Borders SMTP Orchestrator;REDDEDILDI;2022-09-23T08:48:13;Legacy capacitor Coordinator;2022-09-22T23:40:01;synthesizing Squares Dakota
8;47834;Table;REDDEDILDI;2022-09-23T20:12:50;solution multimedia Industrial;2022-09-23T16:14:00;tertiary matrices Ball
9;64998;Product Awesome Agent;AKTIF;2022-09-23T10:02:52;1080p index transmitting;2022-09-23T07:56:57;SDD
10;6602;hour program application;REDDEDILDI;2022-09-23T10:13:15;morph Distributed;2022-09-22T23:52:57;Cambridgeshire Kansas
