id;menu_id;parent_menu_id;menu_name;menu_type;company_code
1;76047;83477;transmitting Group;Borders;89828
2;99340;64892;loyalty stable;magenta Turnpike green;63144
3;60918;53042;Rupee;multi-byte Keyboard;88882
4;95511;76583;bluetooth;ROI;70719
5;27820;60320;hardware;Computers Officer Chair;82931
6;17800;53720;Fresh;next-generation Producer;90757
7;73888;42334;Islands Manat copying;Specialist Maine;96145
8;23980;42006;cross-platform bus Adası;deposit;58916
9;41844;62056;New payment infrastructure;parse;57204
10;81560;33968;grey Music Consultant;Car;79935
