id;order_no;is_transferred;entrance_warehosue;transfer_warehouse;cancel_reason_detail;document_type
1;portal reboot;true;34818;96959;Peso Handcrafted;92349
2;Borders target Cambridgeshire;true;29939;17935;Account Outdoors Investment;37759
3;Account Rial;true;81431;48005;deliverables;14754
4;Virginia Gambiya;false;3657;80522;Cotton olive Response;59271
5;Awesome initiative tan;false;9978;28537;proactive Practical impactful;73672
6;Hryvnia;false;49498;87034;Table Plains;73833
7;Hryvnia Games Grocery;true;54946;95284;virtual Granite;66155
8;Cambridgeshire invoice bypassing;false;45698;6092;object-oriented visionary Ball;98469
9;hacking;true;16047;81240;Tasty;18225
10;pink;false;31861;77003;red;52070
