id;customer_id;name;stock_code;stock_ana_group;stock_alt_group
1;23324;Account;website quantify;support navigate;Chilean reboot Dynamic
2;70131;THX Car;Soap withdrawal;Metical Incredible;Union compressing
3;63810;Bedfordshire;Malagasy intranet;neutral;Bike
4;78661;Rubber;aggregate Security Data;Vermont auxiliary;COM Implementation Awesome
5;52784;Prairie;invoice;Bike Shoes Center;tangible
6;62192;methodical;Renminbi rich South;virtual Stand-alone Fantastic;Buckinghamshire
7;8835;AGP lavender;navigate brand up;systems Gorgeous;Brand
8;64809;full-range;back-end National Operations;Games;Account transmit Incredible
9;88593;Global Industrial Concrete;Pants bypassing Chief;Uganda;Square Checking Coordinator
10;17748;capacity Administrator CFA;Colombian B2C;bypassing Gateway Virtual;index Account Concrete
