id;user_id;depo_code;depo_name
1;39248;Technician interface Chips;bricks-and-clicks
2;27398;cross-platform Loan disintermediate;standardization ADP
3;60725;invoice Soap;analyzer services
4;24640;Right-sized Facilitator Avon;Buckinghamshire mindshare Account
5;35365;Texas withdrawal;International İtalya Soft
6;86595;compress Tactics;Sports
7;97870;back-end Loop;channels Sports Loan
8;73652;indigo COM;invoice Customer
9;10232;Danish Ridge;homogeneous multi-byte
10;33546;magenta Director;Global Pennsylvania Rhode
